"00501";"Holtsville";"NY";40.9223;-72.6371;-5;1
"00544";"Holtsville";"NY";40.9223;-72.6371;-5;1
"00601";"Adjuntas";"PR";18.1801;-66.7495;-4;0
"00602";"Aguada";"PR";18.3633;-67.1802;-4;0
"00603";"Aguadilla";"PR";18.4486;-67.1342;-4;0
"00604";"Aguadilla";"PR";18.499;-67.137;-4;0
"00605";"Aguadilla";"PR";18.4652;-67.1415;-4;0
"00606";"Maricao";"PR";18.1822;-66.9588;-4;0
"00607";"Aguas Buenas";"PR";18.257;-66.1047;-4;0
"00609";"Aibonito";"PR";18.142;-66.2733;-4;0
"00610";"Anasco";"PR";18.2883;-67.136;-4;0
"00611";"Angeles";"PR";18.2795;-66.8022;-4;0
"00612";"Arecibo";"PR";18.4497;-66.6988;-4;0
"00613";"Arecibo";"PR";18.4581;-66.7327;-4;0
"00614";"Arecibo";"PR";18.4297;-66.6745;-4;0
"00615";"Arroyo";"PR";17.9698;-66.0615;-4;0
"00616";"Bajadero";"PR";18.4267;-66.6767;-4;0
"00617";"Barceloneta";"PR";18.4555;-66.5557;-4;0
"00618";"Barranquitas";"PR";18.1855;-66.3058;-4;0
"00622";"Boqueron";"PR";18.0031;-67.1674;-4;0
"00623";"Cabo Rojo";"PR";18.0864;-67.1522;-4;0
"00624";"Penuelas";"PR";18.0554;-66.726;-4;0
"00625";"Caguas";"PR";18.2321;-66.0391;-4;0
"00626";"Caguas";"PR";18.235;-66.0373;-4;0
"00627";"Camuy";"PR";18.4352;-66.8564;-4;0
"00631";"Castaner";"PR";18.1867;-66.8517;-4;0
"00633";"Cayey";"PR";18.1945;-66.1835;-4;0
"00634";"Cayey";"PR";18.1115;-66.1771;-4;0
"00635";"Ceiba";"PR";18.2629;-65.6465;-4;0
"00636";"Rosario";"PR";18.1133;-67.0397;-4;0
"00637";"Sabana Grande";"PR";18.0731;-66.9486;-4;0
"00638";"Ciales";"PR";18.3081;-66.4984;-4;0
"00639";"Cidra";"PR";18.1761;-66.1587;-4;0
"00640";"Coamo";"PR";18.0772;-66.3591;-4;0
"00641";"Utuado";"PR";18.2689;-66.7052;-4;0
"";"";"";0.0;0.0;0;0
"00643";"Corozal";"PR";18.3413;-66.3152;-4;0
"00644";"Coto Laurel";"PR";18.0496;-66.5522;-4;0
"00645";"Culebra";"PR";18.3085;-65.3047;-4;0
"00646";"Dorado";"PR";18.4428;-66.2769;-4;0
"00647";"Ensenada";"PR";17.9645;-66.9399;-4;0
"00648";"Fajardo";"PR";18.333;-65.6562;-4;0
"00650";"Florida";"PR";18.3633;-66.5677;-4;0
"00652";"Garrochales";"PR";18.4575;-66.6122;-4;0
"00653";"Guanica";"PR";17.9921;-66.901;-4;0
"00654";"Jobos";"PR";17.9795;-66.1172;-4;0
"00655";"Olimpo";"PR";17.9764;-66.1168;-4;0
"00656";"Guayanilla";"PR";18.0389;-66.7917;-4;0
"00658";"Gurabo";"PR";18.2541;-65.9736;-4;0
"00659";"Hatillo";"PR";18.433;-66.8004;-4;0
"00660";"Hormigueros";"PR";18.1391;-67.1208;-4;0
"00661";"Humacao";"PR";18.1508;-65.8266;-4;0
"00662";"Isabela";"PR";18.4789;-67.0197;-4;0
"00664";"Jayuya";"PR";18.2126;-66.5924;-4;0
"00665";"Ponce";"PR";18.0442;-66.5021;-4;0
"00666";"Juncos";"PR";18.229;-65.9214;-4;0
"00667";"Lajas";"PR";18.0178;-67.0423;-4;0
"00669";"Lares";"PR";18.2884;-66.875;-4;0
"00670";"Las Marias";"PR";18.2413;-66.976;-4;0
"00671";"Las Piedras";"PR";18.1789;-65.8699;-4;0
"";"";"";0.0;0.0;0;0
"";"";"";0.0;0.0;0;0
"00674";"Manati";"PR";18.4261;-66.487;-4;0
"00676";"Moca";"PR";18.3796;-67.0842;-4;0
"00677";"Rincon";"PR";18.3361;-67.2367;-4;0
"00678";"Quebradillas";"PR";18.4423;-66.9327;-4;0
"00680";"Mayaguez";"PR";18.2052;-67.1265;-4;0
"00681";"Mayaguez";"PR";18.219;-67.5081;-4;0
"00682";"Mayaguez";"PR";18.2084;-67.1543;-4;0
"00683";"San German";"PR";18.0928;-67.0452;-4;0
"00685";"San Sebastian";"PR";18.3326;-66.981;-4;0
"00687";"Morovis";"PR";18.3171;-66.4153;-4;0
"00688";"Sabana Hoyos";"PR";18.4042;-66.6135;-4;0
"00690";"San Antonio";"PR";18.4954;-67.0987;-4;0
"00692";"Vega Alta";"PR";18.4197;-66.3319;-4;0
"00693";"Vega Baja";"PR";18.4407;-66.3921;-4;0
"00694";"Vega Baja";"PR";18.4431;-66.3983;-4;0
"00698";"Yauco";"PR";18.0655;-66.8559;-4;0
"";"";"";0.0;0.0;0;0
"00703";"Aguas Buenas";"PR";18.2462;-66.1283;-4;0
"00704";"Aguirre";"PR";17.9701;-66.2229;-4;0
"00705";"Aibonito";"PR";18.1294;-66.2654;-4;0
"00707";"Maunabo";"PR";18.0145;-65.9102;-4;0
"";"";"";0.0;0.0;0;0
"";"";"";0.0;0.0;0;0
"00714";"Arroyo";"PR";17.9873;-66.0555;-4;0
"00715";"Mercedita";"PR";18.0035;-66.5587;-4;0
"00716";"Ponce";"PR";17.9991;-66.5996;-4;0
"00717";"Ponce";"PR";18.0043;-66.6137;-4;0
"00718";"Naguabo";"PR";18.2205;-65.7429;-4;0
"00719";"Naranjito";"PR";18.2946;-66.251;-4;0
"00720";"Orocovis";"PR";18.2178;-66.4227;-4;0
"00721";"Palmer";"PR";18.3642;-65.7783;-4;0
"00723";"Patillas";"PR";18.0232;-66.0131;-4;0
"";"";"";0.0;0.0;0;0
"00725";"Caguas";"PR";18.2339;-66.045;-4;0
"00726";"Caguas";"PR";18.213;-66.058;-4;0
"00728";"Ponce";"PR";18.0134;-66.6522;-4;0
"00729";"Canovanas";"PR";18.3561;-65.8909;-4;0
"00730";"Ponce";"PR";18.0226;-66.6173;-4;0
"00731";"Ponce";"PR";18.0773;-66.6119;-4;0
"00732";"Ponce";"PR";18.0218;-66.6137;-4;0
"00733";"Ponce";"PR";18.0193;-66.6192;-4;0
"00734";"Ponce";"PR";17.9995;-66.6439;-4;0
"00735";"Ceiba";"PR";18.2584;-65.6599;-4;0
"00736";"Cayey";"PR";18.1129;-66.1538;-4;0
"00737";"Cayey";"PR";18.103;-66.1393;-4;0
"00738";"Fajardo";"PR";18.3227;-65.6612;-4;0
"00739";"Cidra";"PR";18.1698;-66.1627;-4;0
"00740";"Puerto Real";"PR";18.3317;-65.6276;-4;0
"00741";"Punta Santiago";"PR";18.1608;-65.7577;-4;0
"00742";"Roosevelt Roads";"PR";18.2649;-65.5948;-4;0
"";"";"";0.0;0.0;0;0
"00744";"Rio Blanco";"PR";18.2063;-65.7431;-4;0
"00745";"Rio Grande";"PR";18.3662;-65.8228;-4;0
"00747";"Lluveras";"PR";18.0695;-66.9526;-4;0
"00748";"Fajardo";"PR";18.3267;-65.6525;-4;0
"00751";"Salinas";"PR";17.9938;-66.2653;-4;0
"00752";"San Antonio";"PR";18.4937;-67.0977;-4;0
"";"";"";0.0;0.0;0;0
"00754";"San Lorenzo";"PR";18.1563;-65.9683;-4;0
"";"";"";0.0;0.0;0;0
"00757";"Santa Isabel";"PR";17.9863;-66.3946;-4;0
"";"";"";0.0;0.0;0;0
"00761";"Utuado";"PR";18.2654;-66.7024;-4;0
"00762";"Vega Alta";"PR";18.4202;-66.3243;-4;0
"00763";"Monserrate";"PR";18.4522;-66.3998;-4;0
"00764";"Vega Baja";"PR";18.4521;-66.3971;-4;0
"00765";"Vieques";"PR";18.1257;-65.456;-4;0
"00766";"Villalba";"PR";18.126;-66.4821;-4;0
"00767";"Yabucoa";"PR";18.0728;-65.897;-4;0
"00768";"Yauco";"PR";18.0307;-66.8562;-4;0
"00769";"Coamo";"PR";18.0928;-66.3611;-4;0
"00771";"Las Piedras";"PR";18.1874;-65.8709;-4;0
"00772";"Loiza";"PR";18.4277;-65.8761;-4;0
"00773";"Luquillo";"PR";18.3613;-65.7213;-4;0
"00775";"Culebra";"PR";18.3111;-65.2926;-4;0
"00777";"Juncos";"PR";18.2241;-65.9132;-4;0
"00778";"Gurabo";"PR";18.2586;-65.9779;-4;0
"00780";"Coto Laurel";"PR";18.0685;-66.5594;-4;0
"00782";"Comerio";"PR";18.2233;-66.2267;-4;0
"00783";"Corozal";"PR";18.3049;-66.3231;-4;0
"00784";"Guayama";"PR";17.9841;-66.1278;-4;0
"00785";"Guayama";"PR";18.0188;-66.7956;-4;0
"00786";"La Plata";"PR";18.1281;-66.2687;-4;0
"00791";"Humacao";"PR";18.1473;-65.8227;-4;0
"00792";"Humacao";"PR";18.138;-65.7885;-4;0
"00794";"Barranquitas";"PR";18.2043;-66.3106;-4;0
"00795";"Juana Diaz";"PR";18.0363;-66.5029;-4;0
"00801";"St Thomas";"VI";18.3223;-64.9637;-4;0
"00802";"St Thomas";"VI";18.3223;-64.9637;-4;0
"00803";"St Thomas";"VI";18.3223;-64.9637;-4;0
"00804";"St Thomas";"VI";18.3223;-64.9637;-4;0
"00805";"St Thomas";"VI";18.3223;-64.9637;-4;0
"00820";"Christiansted";"VI";17.7342;-64.7347;-4;0
"00821";"Christiansted";"VI";17.7342;-64.7347;-4;0
"00822";"Christiansted";"VI";17.7342;-64.7347;-4;0
"00823";"Christiansted";"VI";17.7342;-64.7347;-4;0
"00824";"Christiansted";"VI";17.7342;-64.7347;-4;0
"00830";"St John";"VI";18.3282;-64.7407;-4;0
"00831";"St John";"VI";18.3282;-64.7407;-4;0
"00840";"Frederiksted";"VI";17.7342;-64.7347;-4;0
"00841";"Frederiksted";"VI";17.7342;-64.7347;-4;0
"00850";"Kingshill";"VI";17.7342;-64.7347;-4;0
"00851";"Kingshill";"VI";17.7342;-64.7347;-4;0
"00901";"San Juan";"PR";18.4654;-66.1079;-4;0
"00902";"San Juan";"PR";18.4105;-66.0605;-4;0
"00906";"San Juan";"PR";18.4645;-66.1008;-4;0
"00907";"San Juan";"PR";18.4511;-66.078;-4;0
"00908";"San Juan";"PR";18.4105;-66.0605;-4;0
"00909";"San Juan";"PR";18.4423;-66.0676;-4;0
"00910";"San Juan";"PR";18.4105;-66.0605;-4;0
"00911";"San Juan";"PR";18.4501;-66.0577;-4;0
"00912";"San Juan";"PR";18.4459;-66.0593;-4;0
"00913";"San Juan";"PR";18.4509;-66.0426;-4;0
"00914";"San Juan";"PR";18.4105;-66.0605;-4;0
"00915";"San Juan";"PR";18.437;-66.0489;-4;0
"00916";"San Juan";"PR";18.4105;-66.0605;-4;0
"00917";"San Juan";"PR";18.4223;-66.0513;-4;0
"00918";"San Juan";"PR";18.4177;-66.0649;-4;0
"00919";"San Juan";"PR";18.4105;-66.0605;-4;0
"00920";"San Juan";"PR";18.4124;-66.0907;-4;0
"00921";"San Juan";"PR";18.394;-66.0863;-4;0
"00922";"San Juan";"PR";18.4105;-66.0605;-4;0
"00923";"San Juan";"PR";18.4107;-66.0381;-4;0
"00924";"San Juan";"PR";18.4019;-66.0119;-4;0
"00925";"San Juan";"PR";18.4;-66.0503;-4;0
"00926";"San Juan";"PR";18.3614;-66.0562;-4;0
"00927";"San Juan";"PR";18.3918;-66.0687;-4;0
"00928";"San Juan";"PR";18.4105;-66.0605;-4;0
"00929";"San Juan";"PR";18.4105;-66.0605;-4;0
"00930";"San Juan";"PR";18.4105;-66.0605;-4;0
"00931";"San Juan";"PR";18.4105;-66.0605;-4;0
"00933";"San Juan";"PR";18.4105;-66.0605;-4;0
"00934";"Fort Buchanan";"PR";18.4135;-66.122;-4;0
"00935";"San Juan";"PR";18.4105;-66.0605;-4;0
"00936";"San Juan";"PR";18.4105;-66.0605;-4;0
"00937";"San Juan";"PR";18.4105;-66.0605;-4;0
"00938";"San Juan";"PR";18.4105;-66.0605;-4;0
"00939";"San Juan";"PR";18.4105;-66.0605;-4;0
"00940";"San Juan";"PR";18.4105;-66.0605;-4;0
"00949";"Toa Baja";"PR";18.4332;-66.2042;-4;0
"00950";"Toa Baja";"PR";18.4578;-66.1965;-4;0
"00951";"Toa Baja";"PR";18.4578;-66.1965;-4;0
"00952";"Sabana Seca";"PR";18.4292;-66.1801;-4;0
"00953";"Toa Alta";"PR";18.368;-66.2341;-4;0
"00954";"Toa Alta";"PR";18.3589;-66.2581;-4;0
"00955";"San Juan";"PR";18.4105;-66.0605;-4;0
"00956";"Bayamon";"PR";18.3422;-66.1664;-4;0
"00957";"Bayamon";"PR";18.3697;-66.1867;-4;0
"00958";"Bayamon";"PR";18.3449;-66.166;-4;0
"00959";"Bayamon";"PR";18.3871;-66.1594;-4;0
"00960";"Bayamon";"PR";18.3449;-66.166;-4;0
"00961";"Bayamon";"PR";18.4125;-66.1603;-4;0
"00962";"Catano";"PR";18.4377;-66.1385;-4;0
"00963";"Catano";"PR";18.4432;-66.1393;-4;0
"00965";"Guaynabo";"PR";18.4315;-66.117;-4;0
"00966";"Guaynabo";"PR";18.3985;-66.1152;-4;0
"00968";"Guaynabo";"PR";18.4085;-66.1025;-4;0
"00969";"Guaynabo";"PR";18.367;-66.1089;-4;0
"00970";"Guaynabo";"PR";18.3591;-66.1123;-4;0
"00971";"Guaynabo";"PR";18.3297;-66.1188;-4;0
"00975";"San Juan";"PR";18.4105;-66.0605;-4;0
"00976";"Trujillo Alto";"PR";18.3468;-66.0056;-4;0
"00977";"Trujillo Alto";"PR";18.337;-65.9901;-4;0
"00978";"St Just";"PR";18.337;-65.9901;-4;0
"00979";"Carolina";"PR";18.4319;-66.0127;-4;0
"00981";"Carolina";"PR";18.4105;-66.0605;-4;0
"00982";"Carolina";"PR";18.4093;-65.9931;-4;0
"00983";"Carolina";"PR";18.4144;-65.9758;-4;0
"00984";"Carolina";"PR";18.3934;-65.9725;-4;0
"00985";"Carolina";"PR";18.3749;-65.9469;-4;0
"00986";"Carolina";"PR";18.3934;-65.9725;-4;0
"00987";"Carolina";"PR";18.3722;-65.9628;-4;0
"00988";"Carolina";"PR";18.3934;-65.9725;-4;0
"01001";"Agawam";"MA";42.0706;-72.6203;-5;1
"01002";"Amherst";"MA";42.3777;-72.5032;-5;1
"01003";"Amherst";"MA";42.3696;-72.636;-5;1
"01004";"Amherst";"MA";42.3845;-72.5132;-5;1
"01005";"Barre";"MA";42.4121;-72.1044;-5;1
"01007";"Belchertown";"MA";42.2784;-72.411;-5;1
"01008";"Blandford";"MA";42.1743;-72.9483;-5;1
"01009";"Bondsville";"MA";42.2061;-72.3405;-5;1
"01010";"Brimfield";"MA";42.126;-72.2055;-5;1
"01011";"Chester";"MA";42.2714;-73.0196;-5;1
"01012";"Chesterfield";"MA";42.3908;-72.8436;-5;1
"01013";"Chicopee";"MA";42.1615;-72.6032;-5;1
"01014";"Chicopee";"MA";42.1707;-72.6048;-5;1
"01020";"Chicopee";"MA";42.176;-72.5726;-5;1
"01021";"Chicopee";"MA";42.1707;-72.6048;-5;1
"01022";"Chicopee";"MA";42.1967;-72.5561;-5;1
"01026";"Cummington";"MA";42.465;-72.9181;-5;1
"01027";"Easthampton";"MA";42.2728;-72.6868;-5;1
"01028";"East Longmeadow";"MA";42.0668;-72.5102;-5;1
"01029";"East Otis";"MA";42.1759;-73.042;-5;1
"01030";"Feeding Hills";"MA";42.0708;-72.6725;-5;1
"01031";"Gilbertville";"MA";42.3307;-72.1883;-5;1
"01032";"Goshen";"MA";42.4579;-72.8155;-5;1
"01033";"Granby";"MA";42.2546;-72.5183;-5;1
"01034";"Granville";"MA";42.0862;-72.9446;-5;1
"01035";"Hadley";"MA";42.3555;-72.5733;-5;1
"01036";"Hampden";"MA";42.0647;-72.4174;-5;1
"01037";"Hardwick";"MA";42.3742;-72.1952;-5;1
"01038";"Hatfield";"MA";42.3752;-72.6083;-5;1
"01039";"Haydenville";"MA";42.3815;-72.6926;-5;1
"01040";"Holyoke";"MA";42.2019;-72.6242;-5;1
"01041";"Holyoke";"MA";42.1707;-72.6048;-5;1
"01050";"Huntington";"MA";42.2902;-72.8794;-5;1
"01053";"Leeds";"MA";42.3531;-72.7021;-5;1
"01054";"Leverett";"MA";42.4798;-72.4988;-5;1
"01056";"Ludlow";"MA";42.1749;-72.4707;-5;1
"01057";"Monson";"MA";42.0893;-72.317;-5;1
"01059";"North Amherst";"MA";42.3696;-72.636;-5;1
"01060";"Northampton";"MA";42.3245;-72.6356;-5;1
"01061";"Northampton";"MA";42.3696;-72.636;-5;1
"01062";"Florence";"MA";42.3242;-72.6792;-5;1
"01063";"Northampton";"MA";42.3179;-72.6402;-5;1
"01066";"North Hatfield";"MA";42.4067;-72.6339;-5;1
"01068";"Oakham";"MA";42.3498;-72.0441;-5;1
"01069";"Palmer";"MA";42.1764;-72.3265;-5;1
"01070";"Plainfield";"MA";42.5159;-72.9166;-5;1
"01071";"Russell";"MA";42.1659;-72.8515;-5;1
"01072";"Shutesbury";"MA";42.486;-72.4221;-5;1
"01073";"Southampton";"MA";42.2239;-72.7278;-5;1
"01074";"South Barre";"MA";42.376;-72.1494;-5;1
"01075";"South Hadley";"MA";42.2349;-72.5824;-5;1
"01077";"Southwick";"MA";42.0528;-72.7697;-5;1
"01079";"Thorndike";"MA";42.1929;-72.3296;-5;1
"01080";"Three Rivers";"MA";42.1806;-72.3652;-5;1
"01081";"Wales";"MA";42.058;-72.2252;-5;1
"01082";"Ware";"MA";42.2706;-72.2607;-5;1
"01083";"Warren";"MA";42.2047;-72.2026;-5;1
"01084";"West Chesterfield";"MA";42.3798;-72.8904;-5;1
"01085";"Westfield";"MA";42.1336;-72.7503;-5;1
"01086";"Westfield";"MA";42.1734;-72.848;-5;1
"01088";"West Hatfield";"MA";42.3888;-72.6321;-5;1
"01089";"West Springfield";"MA";42.1128;-72.6407;-5;1
"01090";"West Springfield";"MA";42.1707;-72.6048;-5;1
"01092";"West Warren";"MA";42.2108;-72.239;-5;1
"01093";"Whately";"MA";42.4427;-72.6525;-5;1
"01094";"Wheelwright";"MA";42.3582;-72.1408;-5;1
"01095";"Wilbraham";"MA";42.1253;-72.4406;-5;1
"01096";"Williamsburg";"MA";42.4152;-72.7827;-5;1
"01097";"Woronoco";"MA";42.1617;-72.8459;-5;1
"01098";"Worthington";"MA";42.3991;-72.9387;-5;1
"01101";"Springfield";"MA";42.1707;-72.6048;-5;1
"01102";"Springfield";"MA";42.1707;-72.6048;-5;1
"01103";"Springfield";"MA";42.1033;-72.5911;-5;1
"01104";"Springfield";"MA";42.1303;-72.5734;-5;1
"01105";"Springfield";"MA";42.0966;-72.5798;-5;1
"01106";"Longmeadow";"MA";42.0504;-72.5712;-5;1
"01107";"Springfield";"MA";42.1202;-72.6061;-5;1
"01108";"Springfield";"MA";42.0841;-72.5552;-5;1
"01109";"Springfield";"MA";42.1163;-72.5503;-5;1
"01111";"Springfield";"MA";42.1707;-72.6048;-5;1
"01114";"Springfield";"MA";42.1707;-72.6048;-5;1
"01115";"Springfield";"MA";42.1029;-72.5916;-5;1
"01116";"Longmeadow";"MA";42.1707;-72.6048;-5;1
"01118";"Springfield";"MA";42.0931;-72.5291;-5;1
"01119";"Springfield";"MA";42.1284;-72.5093;-5;1
"01128";"Springfield";"MA";42.0953;-72.4886;-5;1
"01129";"Springfield";"MA";42.121;-72.4896;-5;1
"01133";"Springfield";"MA";42.1707;-72.6048;-5;1
"01138";"Springfield";"MA";42.1707;-72.6048;-5;1
"01139";"Springfield";"MA";42.1707;-72.6048;-5;1
"01144";"Springfield";"MA";42.1018;-72.5915;-5;1
"01151";"Indian Orchard";"MA";42.1539;-72.5053;-5;1
"01152";"Springfield";"MA";42.1707;-72.6048;-5;1
"01199";"Springfield";"MA";42.1199;-72.605;-5;1
"01201";"Pittsfield";"MA";42.4538;-73.254;-5;1
"01202";"Pittsfield";"MA";42.3929;-73.2285;-5;1
"01203";"Pittsfield";"MA";42.3929;-73.2285;-5;1
"01220";"Adams";"MA";42.6197;-73.1184;-5;1
"01222";"Ashley Falls";"MA";42.0575;-73.3218;-5;1
"01223";"Becket";"MA";42.3144;-73.0934;-5;1
"01224";"Berkshire";"MA";42.3929;-73.2285;-5;1
"01225";"Cheshire";"MA";42.5517;-73.1653;-5;1
"01226";"Dalton";"MA";42.4766;-73.1155;-5;1
"01227";"Dalton";"MA";42.5161;-73.0928;-5;1
"01229";"Glendale";"MA";42.2793;-73.3435;-5;1
"01230";"Great Barrington";"MA";42.1897;-73.3525;-5;1
"01231";"Sheffield";"MA";42.153;-73.2981;-5;1
"01235";"Hinsdale";"MA";42.4337;-73.0928;-5;1
"01236";"Housatonic";"MA";42.2669;-73.3624;-5;1
"01237";"Lanesboro";"MA";42.5573;-73.2436;-5;1
"01238";"Lee";"MA";42.2993;-73.2327;-5;1
"01240";"Lenox";"MA";42.3624;-73.2768;-5;1
"01242";"Lenox Dale";"MA";42.3366;-73.246;-5;1
"01243";"Middlefield";"MA";42.3561;-73.0104;-5;1
"01244";"Mill River";"MA";42.1391;-73.2031;-5;1
"01245";"Monterey";"MA";42.1807;-73.2085;-5;1
"01247";"North Adams";"MA";42.6961;-73.1014;-5;1
"01252";"North Egremont";"MA";42.1986;-73.4462;-5;1
"01253";"Otis";"MA";42.1984;-73.1021;-5;1
"01254";"Richmond";"MA";42.3747;-73.3634;-5;1
"01255";"Sandisfield";"MA";42.089;-73.1244;-5;1
"01256";"Savoy";"MA";42.5925;-73.0112;-5;1
"01257";"Sheffield";"MA";42.1027;-73.3659;-5;1
"01258";"South Egremont";"MA";42.1031;-73.4573;-5;1
"01259";"Southfield";"MA";42.0645;-73.2467;-5;1
"01260";"South Lee";"MA";42.2866;-73.3133;-5;1
"01262";"Stockbridge";"MA";42.2832;-73.3142;-5;1
"01263";"Stockbridge";"MA";42.3929;-73.2285;-5;1
"01264";"Tyringham";"MA";42.2249;-73.2039;-5;1
"01266";"West Stockbridge";"MA";42.3285;-73.3641;-5;1
"01267";"Williamstown";"MA";42.69;-73.2235;-5;1
"01270";"Windsor";"MA";42.4437;-73.1161;-5;1
"01301";"Greenfield";"MA";42.6055;-72.601;-5;1
"01302";"Greenfield";"MA";42.5222;-72.6242;-5;1
"01330";"Ashfield";"MA";42.5211;-72.8112;-5;1
"01331";"Athol";"MA";42.5799;-72.2084;-5;1
"01337";"Bernardston";"MA";42.678;-72.5557;-5;1
"01338";"Buckland";"MA";42.5695;-72.802;-5;1
"01339";"Charlemont";"MA";42.6269;-72.8794;-5;1
"01340";"Colrain";"MA";42.6734;-72.731;-5;1
"01341";"Conway";"MA";42.5083;-72.704;-5;1
"01342";"Deerfield";"MA";42.5423;-72.6091;-5;1
"01343";"Drury";"MA";42.6427;-72.9862;-5;1
"01344";"Erving";"MA";42.6071;-72.414;-5;1
"01346";"Heath";"MA";42.6693;-72.8049;-5;1
"01347";"Lake Pleasant";"MA";42.5566;-72.5181;-5;1
"01349";"Turners Falls";"MA";42.5737;-72.5052;-5;1
"01350";"Monroe Bridge";"MA";42.7123;-72.9763;-5;1
"01351";"Montague";"MA";42.535;-72.5252;-5;1
"01354";"Northfield";"MA";42.5222;-72.6242;-5;1
"01355";"New Salem";"MA";42.4859;-72.3335;-5;1
"01360";"Northfield";"MA";42.6823;-72.4565;-5;1
"01364";"Orange";"MA";42.5996;-72.2926;-5;1
"01366";"Petersham";"MA";42.4747;-72.2123;-5;1
"01367";"Rowe";"MA";42.6949;-72.9096;-5;1
"01368";"Royalston";"MA";42.671;-72.17;-5;1
"01369";"Shattuckville";"MA";42.5222;-72.6242;-5;1
"01370";"Shelburne Falls";"MA";42.6034;-72.7275;-5;1
"01373";"South Deerfield";"MA";42.4727;-72.6245;-5;1
"01374";"Charlemont";"MA";42.6365;-72.7987;-5;1
"01375";"Sunderland";"MA";42.45;-72.563;-5;1
"01376";"Turners Falls";"MA";42.6094;-72.5444;-5;1
"01378";"Warwick";"MA";42.6672;-72.3273;-5;1
"01379";"Wendell";"MA";42.5473;-72.4172;-5;1
"01380";"Wendell Depot";"MA";42.5945;-72.3631;-5;1
"01393";"Whately";"MA";42.4598;-72.5936;-5;1
"01420";"Fitchburg";"MA";42.5787;-71.8034;-5;1
"01427";"Westborough";"MA";42.2866;-71.5858;-5;1
"01430";"Ashburnham";"MA";42.6588;-71.9329;-5;1
"01431";"Ashby";"MA";42.672;-71.8137;-5;1
"01432";"Ayer";"MA";42.5498;-71.5914;-5;1
"01436";"Baldwinville";"MA";42.6089;-72.0802;-5;1
"01438";"East Templeton";"MA";42.5634;-72.035;-5;1
"01440";"Gardner";"MA";42.5754;-71.9918;-5;1
"01441";"Gardner";"MA";42.3648;-71.8969;-5;1
"01450";"Groton";"MA";42.6099;-71.5572;-5;1
"01451";"Harvard";"MA";42.5059;-71.5888;-5;1
"01452";"Hubbardston";"MA";42.4775;-71.9965;-5;1
"01453";"Leominster";"MA";42.5265;-71.7536;-5;1
"01460";"Littleton";"MA";42.5401;-71.4909;-5;1
"01462";"Lunenburg";"MA";42.5828;-71.7205;-5;1
"01463";"Pepperell";"MA";42.6657;-71.5929;-5;1
"01464";"Shirley";"MA";42.5593;-71.6456;-5;1
"01467";"Still River";"MA";42.4887;-71.6241;-5;1
"01468";"Templeton";"MA";42.5578;-72.0682;-5;1
"01469";"Townsend";"MA";42.6587;-71.692;-5;1
"01470";"Groton";"MA";42.4464;-71.4594;-5;1
"01471";"Groton";"MA";42.4464;-71.4594;-5;1
"01472";"West Groton";"MA";42.4464;-71.4594;-5;1
"01473";"Westminster";"MA";42.5446;-71.9021;-5;1
"01474";"West Townsend";"MA";42.6694;-71.7458;-5;1
"01475";"Winchendon";"MA";42.6754;-72.0467;-5;1
"01477";"Winchendon Springs";"MA";42.3648;-71.8969;-5;1
"01501";"Auburn";"MA";42.2036;-71.8384;-5;1
"01503";"Berlin";"MA";42.3806;-71.6266;-5;1
"01504";"Blackstone";"MA";42.0281;-71.53;-5;1
"01505";"Boylston";"MA";42.3384;-71.7303;-5;1
"01506";"Brookfield";"MA";42.2004;-72.0979;-5;1
"01507";"Charlton";"MA";42.1351;-71.9696;-5;1
"01508";"Charlton City";"MA";42.1097;-72.0795;-5;1
"01509";"Charlton Depot";"MA";42.3648;-71.8969;-5;1
"01510";"Clinton";"MA";42.4188;-71.6848;-5;1
"01515";"East Brookfield";"MA";42.2128;-72.0531;-5;1
"01516";"Douglas";"MA";42.0614;-71.7289;-5;1
"01517";"East Princeton";"MA";42.3648;-71.8969;-5;1
"01518";"Fiskdale";"MA";42.1251;-72.1239;-5;1
"01519";"Grafton";"MA";42.2017;-71.6877;-5;1
"01520";"Holden";"MA";42.339;-71.8443;-5;1
"01521";"Holland";"MA";42.0547;-72.1614;-5;1
"01522";"Jefferson";"MA";42.3697;-71.8742;-5;1
"01523";"Lancaster";"MA";42.4731;-71.6795;-5;1
"01524";"Leicester";"MA";42.2389;-71.9191;-5;1
"01525";"Linwood";"MA";42.3648;-71.8969;-5;1
"01526";"Manchaug";"MA";42.3648;-71.8969;-5;1
"01527";"Millbury";"MA";42.1961;-71.7627;-5;1
"01529";"Millville";"MA";42.0364;-71.578;-5;1
"01531";"New Braintree";"MA";42.3171;-72.1225;-5;1
"01532";"Northborough";"MA";42.3219;-71.6469;-5;1
"01534";"Northbridge";"MA";42.1407;-71.6438;-5;1
"01535";"North Brookfield";"MA";42.2673;-72.0782;-5;1
"01536";"North Grafton";"MA";42.2314;-71.7052;-5;1
"01537";"North Oxford";"MA";42.1708;-71.8899;-5;1
"01538";"North Uxbridge";"MA";42.3648;-71.8969;-5;1
"01540";"Oxford";"MA";42.1175;-71.8657;-5;1
"01541";"Princeton";"MA";42.4516;-71.882;-5;1
"01542";"Rochdale";"MA";42.1948;-71.9065;-5;1
"01543";"Rutland";"MA";42.3809;-71.9643;-5;1
"01545";"Shrewsbury";"MA";42.2866;-71.725;-5;1
"01546";"Shrewsbury";"MA";42.3648;-71.8969;-5;1
"01550";"Southbridge";"MA";42.0708;-72.0353;-5;1
"01560";"South Grafton";"MA";42.1775;-71.6938;-5;1
"01561";"South Lancaster";"MA";42.4435;-71.6861;-5;1
"01562";"Spencer";"MA";42.2472;-71.9923;-5;1
"01564";"Sterling";"MA";42.4369;-71.7733;-5;1
"01566";"Sturbridge";"MA";42.1046;-72.0858;-5;1
"01568";"Upton";"MA";42.1738;-71.6097;-5;1
"01569";"Uxbridge";"MA";42.065;-71.6299;-5;1
"01570";"Webster";"MA";42.0477;-71.8611;-5;1
"01571";"Dudley";"MA";42.0499;-71.9173;-5;1
"01580";"Westborough";"MA";42.3648;-71.8969;-5;1
"01581";"Westborough";"MA";42.2698;-71.6141;-5;1
"01582";"Westborough";"MA";42.3648;-71.8969;-5;1
"01583";"West Boylston";"MA";42.3598;-71.787;-5;1
"01585";"West Brookfield";"MA";42.243;-72.1673;-5;1
"01586";"West Millbury";"MA";42.3648;-71.8969;-5;1
"01588";"Whitinsville";"MA";42.1142;-71.6722;-5;1
"01590";"Sutton";"MA";42.131;-71.7512;-5;1
"01601";"Worcester";"MA";42.2653;-71.8794;-5;1
"01602";"Worcester";"MA";42.2724;-71.8448;-5;1
"01603";"Worcester";"MA";42.2405;-71.8378;-5;1
"01604";"Worcester";"MA";42.2554;-71.7746;-5;1
"01605";"Worcester";"MA";42.2865;-71.7885;-5;1
"01606";"Worcester";"MA";42.3113;-71.7953;-5;1
"01607";"Worcester";"MA";42.2295;-71.795;-5;1
"01608";"Worcester";"MA";42.2613;-71.8017;-5;1
"01609";"Worcester";"MA";42.2717;-71.8135;-5;1
"01610";"Worcester";"MA";42.2485;-71.8079;-5;1
"01611";"Cherry Valley";"MA";42.2384;-71.8714;-5;1
"01612";"Paxton";"MA";42.3076;-71.9193;-5;1
"01613";"Worcester";"MA";42.2933;-71.802;-5;1
"01614";"Worcester";"MA";42.3648;-71.8969;-5;1
"01615";"Worcester";"MA";42.3648;-71.8969;-5;1
"01634";"Tolland";"MA";42.0695;-72.9994;-5;1
"01653";"Worcester";"MA";42.3648;-71.8969;-5;1
"01654";"Worcester";"MA";42.3648;-71.8969;-5;1
"01655";"Worcester";"MA";42.3648;-71.8969;-5;1
"01701";"Framingham";"MA";42.3187;-71.4234;-5;1
"01702";"Framingham";"MA";42.284;-71.4216;-5;1
"01703";"Framingham";"MA";42.4464;-71.4594;-5;1
"01704";"Framingham";"MA";42.4464;-71.4594;-5;1
"01705";"Framingham";"MA";42.4464;-71.4594;-5;1
"01718";"Village Of Nagog Woods";"MA";42.5197;-71.4272;-5;1
"01719";"Boxborough";"MA";42.4863;-71.5124;-5;1
"01720";"Acton";"MA";42.4771;-71.4422;-5;1
"01721";"Ashland";"MA";42.258;-71.4589;-5;1
"01730";"Bedford";"MA";42.4967;-71.275;-5;1
"01731";"Hanscom AFB";"MA";42.4591;-71.2756;-5;1
"01740";"Bolton";"MA";42.4371;-71.6127;-5;1
"01741";"Carlisle";"MA";42.5286;-71.3508;-5;1
"01742";"Concord";"MA";42.4572;-71.3748;-5;1
"01745";"Fayville";"MA";42.2955;-71.5047;-5;1
"01746";"Holliston";"MA";42.1961;-71.438;-5;1
"01747";"Hopedale";"MA";42.1255;-71.5366;-5;1
"01748";"Hopkinton";"MA";42.2204;-71.5342;-5;1
"01749";"Hudson";"MA";42.3898;-71.5579;-5;1
"01750";"Natick";"MA";42.2738;-71.3782;-5;1
"01752";"Marlborough";"MA";42.3509;-71.5475;-5;1
"01754";"Maynard";"MA";42.4308;-71.4559;-5;1
"01756";"Mendon";"MA";42.092;-71.5447;-5;1
"01757";"Milford";"MA";42.1492;-71.5215;-5;1
"01760";"Natick";"MA";42.2908;-71.3537;-5;1
"01770";"Sherborn";"MA";42.231;-71.372;-5;1
"01772";"Southborough";"MA";42.2976;-71.5337;-5;1
"01773";"Lincoln";"MA";42.4255;-71.3032;-5;1
"01775";"Stow";"MA";42.4239;-71.5109;-5;1
"01776";"Sudbury";"MA";42.3853;-71.4299;-5;1
"01778";"Wayland";"MA";42.3456;-71.3564;-5;1
"01784";"Woodville";"MA";42.4464;-71.4594;-5;1
"01801";"Woburn";"MA";42.4845;-71.1521;-5;1
"01803";"Burlington";"MA";42.5064;-71.2001;-5;1
"01805";"Burlington";"MA";42.4464;-71.4594;-5;1
"01806";"Woburn";"MA";42.4464;-71.4594;-5;1
"01807";"Woburn";"MA";42.4464;-71.4594;-5;1
"01808";"Woburn";"MA";42.4464;-71.4594;-5;1
"01810";"Andover";"MA";42.6469;-71.1513;-5;1
"01812";"Andover";"MA";42.6472;-71.1842;-5;1
"01813";"Woburn";"MA";42.4464;-71.4594;-5;1
"01815";"Woburn";"MA";42.4464;-71.4594;-5;1
"01820";"Pinehurst";"MA";42.5408;-71.2382;-5;1
"01821";"Billerica";"MA";42.548;-71.2505;-5;1
"01822";"Billerica";"MA";42.4464;-71.4594;-5;1
"01823";"Haverhill";"MA";42.8004;-71.1109;-5;1
"01824";"Chelmsford";"MA";42.5955;-71.3544;-5;1
"01826";"Dracut";"MA";42.6778;-71.316;-5;1
"01827";"Dunstable";"MA";42.6714;-71.5029;-5;1
"01830";"Haverhill";"MA";42.7852;-71.0701;-5;1
"01831";"Haverhill";"MA";42.7711;-71.1221;-5;1
"01832";"Haverhill";"MA";42.7814;-71.1102;-5;1
"01833";"Georgetown";"MA";42.7294;-70.9829;-5;1
"01834";"Groveland";"MA";42.7507;-71.0249;-5;1
"01835";"Haverhill";"MA";42.7578;-71.0852;-5;1
"01840";"Lawrence";"MA";42.7069;-71.1618;-5;1
"01841";"Lawrence";"MA";42.7116;-71.1667;-5;1
"01842";"Lawrence";"MA";42.6354;-70.8791;-5;1
"01843";"Lawrence";"MA";42.6911;-71.1608;-5;1
"01844";"Methuen";"MA";42.73;-71.1794;-5;1
"01845";"North Andover";"MA";42.6838;-71.1117;-5;1
"01850";"Lowell";"MA";42.6558;-71.305;-5;1
"01851";"Lowell";"MA";42.6309;-71.3324;-5;1
"01852";"Lowell";"MA";42.6341;-71.2985;-5;1
"01853";"Lowell";"MA";42.4464;-71.4594;-5;1
"01854";"Lowell";"MA";42.6498;-71.3335;-5;1
"01856";"Lowell";"MA";42.6418;-71.3035;-5;1
"01860";"Merrimac";"MA";42.8342;-71.0021;-5;1
"01862";"North Billerica";"MA";42.5736;-71.2911;-5;1
"01863";"North Chelmsford";"MA";42.6342;-71.3932;-5;1
"01864";"North Reading";"MA";42.5834;-71.0982;-5;1
"01865";"Nutting Lake";"MA";42.4464;-71.4594;-5;1
"01866";"Pinehurst";"MA";42.4464;-71.4594;-5;1
"01867";"Reading";"MA";42.5258;-71.1099;-5;1
"01876";"Tewksbury";"MA";42.6017;-71.2207;-5;1
"01879";"Tyngsboro";"MA";42.6716;-71.4169;-5;1
"01880";"Wakefield";"MA";42.5013;-71.0713;-5;1
"01885";"West Boxford";"MA";42.6354;-70.8791;-5;1
"01886";"Westford";"MA";42.5921;-71.4375;-5;1
"01887";"Wilmington";"MA";42.5586;-71.1703;-5;1
"01888";"Woburn";"MA";42.4464;-71.4594;-5;1
